{"activity_1322941307185922209": 1743449133.7019427, "activity_1081411438846955612": 1743435496.6045773, "activity_1030487151059685387": 1743449538.5597103, "activity_758671201056587786": 1743456859.7652817, "activity_1352159317486338133": 1743457570.222774, "activity_1308527904497340467": 1743457344.4849002, "activity_1058521654579449886": 1743457433.1917362, "activity_992009691578236959": 1743371912.6499157, "activity_479711321399623681": 1743457234.6141095, "activity_1353590720685936680": 1743457178.1601527, "activity_404508751471706112": 1743371394.1072536, "activity_706310256954966086": 1743457486.387324, "activity_505787163783200779": 1743449163.514594, "activity_733823350379380746": 1743456899.358711, "activity_1029193170648563732": 1743413849.3053846, "activity_1352860078772064387": 1743371872.6314151, "activity_1178021252011655390": 1743371864.9035628, "activity_1276657108904841338": 1743457455.2625363, "activity_548786493821419547": 1743444760.075901, "activity_1254808249765593155": 1743372742.679643, "activity_834493630475272314": 1743456893.931762, "activity_947822526279602176": 1743373369.5840256, "activity_927021078818193450": 1743373505.5839274, "activity_1330953586007605293": 1743454682.304471, "activity_838022705810112533": 1743433887.3544385, "activity_1247135749913186387": 1743419191.065155, "activity_968934569090887711": 1743457510.9355984, "activity_1335245103169536022": 1743449592.9565337, "activity_832194914745188403": 1743444514.251706, "activity_829358394708197407": 1743436348.2188165, "activity_1032708104053334147": 1743444846.4760914, "activity_1076514152954212363": 1743454770.5364883, "activity_982731220913913856": 1743414988.7136674, "activity_1160184288239698021": 1743444657.8326108, "activity_669157564864528394": 1743448650.3901834, "activity_550671289384304642": 1743415797.747488, "activity_1201017333808902306": 1743419838.0757995, "activity_1106269988660199424": 1743446532.0963001, "activity_183593430809575424": 1743446332.3552606, "activity_1267002313374044166": 1743440939.5419147, "activity_926118677395406888": 1743446516.6685388, "activity_1212373028252418068": 1743446510.7496336, "activity_1333477977085710429": 1743457572.6884983, "activity_1035842144511987732": 1743451562.390706, "activity_957199987744309289": 1743444296.5090125, "activity_877405607806771200": 1743417890.5168414, "activity_1343602589224271959": 1743419748.876007, "activity_323489727246499840": 1743419075.6064665, "activity_1342861803998417020": 1743419196.5649543, "activity_1179705095223517304": 1743433172.1369572, "activity_841639552216072212": 1743439406.1882508, "activity_1150395006226534433": 1743444305.9834673, "activity_654638050256748544": 1743436723.152091, "activity_1063902156811403294": 1743436282.8899798, "activity_868858525651177502": 1743435719.0379477, "activity_1099674917160620112": 1743444340.0271463, "activity_821329013649047602": 1743436266.000916, "activity_295950593397358593": 1743437989.6786668, "activity_738822910839357492": 1743449135.2488728, "activity_957027989772730389": 1743436802.569846, "activity_1092835286226059364": 1743452383.551625, "activity_1266803665071767554": 1743440395.1015828, "activity_757654575917432943": 1743440545.4826536, "activity_903301812264767519": 1743454897.5094383, "activity_252769870775713792": 1743441821.3248646, "activity_687929365610102800": 1743447160.1852596, "activity_1314712642002096139": 1743441914.6508565, "activity_638613067030331392": 1743441840.8425362, "activity_585831903899287553": 1743442165.8242338, "activity_782894934814097449": 1743444930.328255, "activity_370543052386729987": 1743448922.1123831, "activity_478296965340201012": 1743442524.8644748, "activity_1283763117230391317": 1743444238.4592729, "activity_1114793583736795180": 1743444694.3066509, "activity_1117069968111042580": 1743452556.3845086, "activity_1343482172660645899": 1743446077.2964182, "activity_1011986470195691621": 1743445986.23333, "activity_1344720332770246657": 1743446529.3035989, "activity_379122217423863808": 1743449108.4515543, "activity_1008843087889575978": 1743454094.7344825, "activity_851851096652775484": 1743448180.7190046, "activity_702070027343626270": 1743451835.813375, "activity_1353594644507656244": 1743456443.6694806, "activity_853853388889784330": 1743457256.3674994, "activity_1120325322697613473": 1743454285.277559}